AC Cobra;AC Cobra;
AC Propulsion;Ebox;
AC Propulsion;Tzero;
Ace;Brooklands Ace;
Acura;CL;
Acura;CSX;
Acura;EL;
Acura;Integra;
Acura;Legend;
Acura;MDX;
Acura;NSX;
Acura;RDX;
Acura;RL;
Acura;RSX;
Acura;SLX;
Acura;TL;
Acura;TSX;
Acura;Vigor;
Acura;ZDX;
Adam;Boltoro;
Adam;Revo;
AIL;Storm III;
Al Araba;1;
Alfa Romeo;33;
Alfa Romeo;90;
Alfa Romeo;145;
Alfa Romeo;146;
Alfa Romeo;147;
Alfa Romeo;155;
Alfa Romeo;156;
Alfa Romeo;159;
Alfa Romeo;164;
Alfa Romeo;166;
Alfa Romeo;169;
Alfa Romeo;8C Competizione;
Alfa Romeo;8C Spider;
Alfa Romeo;Alfa 6;
Alfa Romeo;Alfasud;
Alfa Romeo;Alfetta;
Alfa Romeo;Arna;
Alfa Romeo;Brera;
Alfa Romeo;Giulia;
Alfa Romeo;Giulietta;
Alfa Romeo;GT;
Alfa Romeo;GTV (916);
Alfa Romeo;Milano;
Alfa Romeo;Mito;
Alfa Romeo;Nuova Giulietta;
Alfa Romeo;Spider;
Alfa Romeo;Sprint;
Allard;J2X MkII;
American Motors;Concord;
American Motors;Eagle;
American Motors;Eagle Premier;
American Motors;Encore;
American Motors;Matador;
Anadol;A1;
Anadol;A2;
Anadol;A8-16/16 SL;
Anadol;Bocek;
Anadol;Otosan 500;
Anadol;STC-16;
Anadol;SV-1600;
Anteros;789;
Anteros;Anteros;
Anteros;Stinger;
Apal;Speedster;
Armstrong-Siddeley;Sapphire;
Aro;10;
Aro;24/32;
Aro;IMS;
Artega;GT;
Asia Motors;Rocsta;
Aston Martin;Cygnet;
Aston Martin;DB 7 I6;
Aston Martin;DB 7 Vantage;
Aston Martin;DB AR1;
Aston Martin;DB9;
Aston Martin;DBS;
Aston Martin;DBS V12;
Aston Martin;Lagonda;
Aston Martin;One-77;
Aston Martin;Rapide;
Aston Martin;V12 Vanquish;
Aston Martin;V8;
Aston Martin;V8 Vantage;
Aston Martin;Virage;
Aston Martin;Zagato;
Audi;50;
Audi;80;
Audi;90;
Audi;100;
Audi;200;
Audi;4000;
Audi;100 Coupe S;
Audi;A1;
Audi;A2;
Audi;A3;
Audi;A4;
Audi;A4 Allroad Quattro;
Audi;A4 Cabriolet;
Audi;A5;
Audi;A5 Cabriolet;
Audi;A6;
Audi;A6 Allroad Quattro;
Audi;A7;
Audi;A8;
Audi;Cabriolet;
Audi;Coupe;
Audi;Coupe GT;
Audi;Coupe Quattro;
Audi;F103;
Audi;Q5;
Audi;Q7;
Audi;Quattro;
Audi;R8;
Audi;RS 2 Avant;
Audi;RS 4;
Audi;RS 6;
Audi;S2;
Audi;S3;
Audi;S4;
Audi;S4 Cabriolet;
Audi;S5;
Audi;S5 Cabriolet;
Audi;S6;
Audi;S8;
Audi;Sport Quattro S1;
Audi;TT Coupe;
Audi;TT Roadster;
Audi;TTS;
Audi;V8;
B Engineering;Edonis;
Bajaj Auto;Avenger;
Bajaj Auto;CT 100;
Bajaj Auto;Discover;
Bajaj Auto;Legend;
Bajaj Auto;Platina;
Bajaj Auto;Pulsar;
Bajaj Auto;Wave;
Bentley;Arnage;
Bentley;Azure;
Bentley;Brooklands;
Bentley;Camargue;
Bentley;Continental Flying Spur (CFS);
Bentley;Continental GT;
Bentley;Continental GTC;
Bentley;Continental Supersports;
Bentley;Corniche;
Bentley;Mulsanne;
Berkeley;B95;
Berkeley;Foursome;
Berkeley;Sa322;
Berkeley;Se492;
Bitter;CD;
Bitter;SC;
Bitter;Vero;
BMC;Mini;
BMW;1-Series;
BMW;3-Series;
BMW;5-Series;
BMW;5-Series GT;
BMW;6-Series;
BMW;7-Series;
BMW;8-Series;
BMW;Compact;
BMW;M Coupe;
BMW;M1;
BMW;M1 Coupe;
BMW;M3;
BMW;M5;
BMW;M6;
BMW;X1;
BMW;X3;
BMW;X5;
BMW;X5 M;
BMW;X6;
BMW;X6 M;
BMW;Z3;
BMW;Z4;
BMW;Z8;
Bolwell;MK X Nagari;
Bricklin;SV-1;
Buddy;Cab;
Bufori;BMS R1;
Bufori;Geneva;
Bufori;La Joya;
Bufori;Madison;
Bufori;MK I;
Bufori;MK II;
Bufori;V6i;
Bugatti;Type 101;
Bugatti;Type 13;
Bugatti;Type 18;
Bugatti;Type 23;
Bugatti;Type 252;
Bugatti;Type 30;
Bugatti;Type 41;
Bugatti;Type 46;
Bugatti;Type 55;
Bugatti;Type 57;
Bugatti;Veyron;
Buick;Allure;
Buick;Apollo;
Buick;Century;
Buick;Enclave;
Buick;Estate;
Buick;LaCrosse;
Buick;LeSabre;
Buick;Lucerne;
Buick;Park Avenue;
Buick;Rainier;
Buick;Reatta;
Buick;Regal;
Buick;Rendezvous;
Buick;Riviera;
Buick;Roadmaster;
Buick;Skyhawk;
Buick;Skylark;
Buick;Somerset;
Buick;Terraza;
BYD;E6;
BYD;F3DM;
BYD;Flyer;
Cadillac;ATS;
Cadillac;BLS;
Cadillac;Brougham;
Cadillac;BTS;
Cadillac;Calais;
Cadillac;Catera;
Cadillac;Cimarron;
Cadillac;CTS;
Cadillac;CTS Sedan;
Cadillac;CTS Wagon;
Cadillac;CTS-V;
Cadillac;DeVille;
Cadillac;DTS;
Cadillac;DTS Professional;
Cadillac;Eldorado;
Cadillac;Escalade;
Cadillac;Escalade ESV;
Cadillac;Escalade EXT;
Cadillac;Fleetwood;
Cadillac;Series 60S;
Cadillac;Series 75;
Cadillac;Seville;
Cadillac;SRX;
Cadillac;STS;
Cadillac;STS-V;
Cadillac;XLR;
Cadillac;XLR-V;
Callaway;C1;
Callaway;C10;
Callaway;C11;
Callaway;C12;
Callaway;C13;
Callaway;C14;
Callaway;C15;
Callaway;C16;
Callaway;C2;
Callaway;C3;
Callaway;C4;
Callaway;C5;
Callaway;C6;
Callaway;C7;
Callaway;C8;
Callaway;C9;
Caparo;T1;
Citroën;2CV;
Citroën;AX;
Citroën;Axel;
Citroën;Berlingo;
Citroën;BX;
Citroën;C1;
Citroën;C15;
Citroën;C2;
Citroën;C3;
Citroën;C3 Picasso;
Citroën;C3 Pluriel;
Citroën;C4;
Citroën;C4 Picasso;
Citroën;C5;
Citroën;C6;
Citroën;C8;
Citroën;C-Crosser;
Citroën;C-Triomphe;
Citroën;CX;
Citroën;C-ZERO;
Citroën;DS3;
Citroën;Elysée;
Citroën;Fukang;
Citroën;Jumper;
Citroën;Jumpy;
Citroën;Méhari;
Citroën;Nemo;
Citroën;Saxo;
Citroën;Visa;
Citroën;Xantia;
Citroën;XM;
Citroën;Xsara;
Citroën;Xsara Picasso;
Citroën;ZX;
Commuter;Tango T600;
Dacia;1100;
Dacia;1300;
Dacia;1304;
Dacia;1307;
Dacia;1310;
Dacia;1320;
Dacia;2000;
Dacia;1325 Liberta;
Dacia;500 Lastun;
Dacia;Duster;
Dacia;Logan;
Dacia;Logan Pick-up;
Dacia;Logan Van;
Dacia;Nova;
Dacia;Sandero;
Dacia;Solenza;
Dacia;SupeRNova;
Daewoo;Accessory;
Daewoo;Arcadia;
Daewoo;Cielo;
Daewoo;Damas;
Daewoo;Espero;
Daewoo;G2X;
Daewoo;Gentra;
Daewoo;Gentra X;
Daewoo;Chairman;
Daewoo;Imperial;
Daewoo;Korando;
Daewoo;Lacetti;
Daewoo;Lacetti Premiere;
Daewoo;Lanos;
Daewoo;Leganza;
Daewoo;LeMans;
Daewoo;Maepsy-Na;
Daewoo;Magnus;
Daewoo;Matiz;
Daewoo;Musso;
Daewoo;Prince;
Daewoo;Rezzo;
Daewoo;Royale Series;
Daewoo;Statesman;
Daewoo;Tico;
Daewoo;Tosca;
Daewoo;Veritas;
Daewoo;Winstorm;
Daewoo;Winstorm MAXX;
Daihatsu;Altis;
Daihatsu;Applause;
Daihatsu;Bee;
Daihatsu;Ceria;
Daihatsu;Hijet;
Daihatsu;Nippa;
Daihatsu;Perodua Kancil;
Devon;GTX;
Dodge;24;
Dodge;400;
Dodge;600;
Dodge;Aries;
Dodge;Aspen;
Dodge;Avenger;
Dodge;Caliber;
Dodge;Colt;
Dodge;Conquest;
Dodge;Dakota;
Dodge;Daytona;
Dodge;Diplomat;
Dodge;Durango;
Dodge;Dynasty;
Dodge;Grand Caravan;
Dodge;Challenger;
Dodge;Charger;
Dodge;Intrepid;
Dodge;Journey;
Dodge;Lancer;
Dodge;Magnum;
Dodge;Mirada;
Dodge;Monaco;
Dodge;Neon;
Dodge;Nitro;
Dodge;Omni;
Dodge;Raider;
Dodge;Ram 1500;
Dodge;Ram 2500;
Dodge;Ram 3500;
Dodge;Ram 4500;
Dodge;Ram 50;
Dodge;Ram 5500;
Dodge;Ramcharger;
Dodge;Rampage;
Dodge;Shadow;
Dodge;Spirit;
Dodge;Sprinter;
Dodge;Sprinter Wagon;
Dodge;SRT-4;
Dodge;St Regis;
Dodge;Stealth;
Dodge;Stratus;
Dodge;Viper;
DR;DR 5;
E-Z-Go;Clays Car;
E-Z-Go;Freedom RXV;
E-Z-Go;ST 400;
E-Z-Go;ST 480;
E-Z-Go;ST Custom;
E-Z-Go;ST Express;
E-Z-Go;ST Sport;
Ferrari;275;
Ferrari;328;
Ferrari;330;
Ferrari;348;
Ferrari;360;
Ferrari;365;
Ferrari;366;
Ferrari;400;
Ferrari;412;
Ferrari;456;
Ferrari;458;
Ferrari;612;
Ferrari;250 GTO;
Ferrari;250 LM;
Ferrari;288 GTO;
Ferrari;308 GTB;
Ferrari;308 QV;
Ferrari;308i;
Ferrari;330GT;
Ferrari;365 BB;
Ferrari;365 GT;
Ferrari;365 GTB;
Ferrari;365 GTC;
Ferrari;400i;
Ferrari;456M;
Ferrari;512 BB;
Ferrari;512 BBi;
Ferrari;512 TR;
Ferrari;550 Maranello;
Ferrari;575M;
Ferrari;599 Fiorano;
Ferrari;599 GTO;
Ferrari;California;
Ferrari;Dino 206;
Ferrari;Dino 246 GT;
Ferrari;Dino GT4;
Ferrari;Enzo Ferrari;
Ferrari;F355;
Ferrari;F40;
Ferrari;F430;
Ferrari;F50;
Ferrari;F512M;
Ferrari;FF;
Ferrari;GT4 2+2;
Ferrari;Mondial 3.2;
Ferrari;Mondial t;
Ferrari;Monial 8;
Ferrari;Monial QV;
Ferrari;Testarossa;
Fiat;126;
Fiat;127;
Fiat;131;
Fiat;132;
Fiat;500;
Fiat;Albea;
Fiat;Barchetta;
Fiat;Brava;
Fiat;Bravo;
Fiat;Campagnola;
Fiat;Cinquecento;
Fiat;Coupe;
Fiat;Croma;
Fiat;Daily;
Fiat;Doblo;
Fiat;Ducato;
Fiat;Fiorino;
Fiat;Freemont;
Fiat;Grande Punto;
Fiat;Idea;
Fiat;Linea;
Fiat;Marea;
Fiat;Multipla;
Fiat;Panda;
Fiat;Punto;
Fiat;Punto Evo;
Fiat;Regata;
Fiat;Ritmo;
Fiat;Scudo;
Fiat;Sedici;
Fiat;Seicento;
Fiat;Stilo;
Fiat;Strada;
Fiat;Tempra;
Fiat;Tipo;
Fiat;Ulysse;
Fiat;Uno;
Fisker;Latigo CS;
Fisker;Taramonto;
Ford;Aspire;
Ford;Capri;
Ford;C-MAX;
Ford;Contour;
Ford;Cortina;
Ford;Cougar;
Ford;Courier;
Ford;Crown Victoria;
Ford;Econoline Cargo Van;
Ford;Econoline Commercial Cutaway;
Ford;Econoline Commercial Chassis;
Ford;Econoline Wagon;
Ford;Econovan;
Ford;Edge;
Ford;Escape;
Ford;Escort;
Ford;Excursion;
Ford;Expedition;
Ford;Expedition Max;
Ford;Explorer;
Ford;Explorer Sport Trac;
Ford;F-150;
Ford;Falcon;
Ford;Falcon Ute;
Ford;Festiva;
Ford;Fiesta;
Ford;Flex;
Ford;Focus;
Ford;Freestar;
Ford;Fusion;
Ford;Galaxy;
Ford;Granada;
Ford;GT;
Ford;Ka;
Ford;Kuga;
Ford;Laser;
Ford;Mondeo;
Ford;Mustang;
Ford;Orion;
Ford;Probe;
Ford;Puma;
Ford;Ranger;
Ford;Scorpio;
Ford;Sierra;
Ford;S-MAX;
Ford;Super Duty F-250;
Ford;Super Duty F-350 DRW;
Ford;Super Duty F-350 SRW;
Ford;Super Duty F-450;
Ford;Super Duty F-450 DRW;
Ford;Super Duty F-550 DRW;
Ford;Super Duty F-550 Motorhome;
Ford;Taurus;
Ford;Taurus X;
Ford;Tempo;
Ford;Territory;
Ford;Thunderbird;
Ford;Transit;
Ford;Transit Connect;
Ford;Transit Connect Wagon;
Ford;Windstar;
Geely;Beauty Leopard;
Geely;Ec7;
Geely;Ec8;
Geely;Hisoon;
Geely;HQ;
Geely;Huapu;
Geely;Hysoul;
Geely;China Dragon;
Geely;KingKong;
Geely;Marindo;
Geely;Merrie;
Geely;Panda;
Geely;Rural Nanny;
Geely;Uliou;
Geely;Vision;
GMC;Acadia;
GMC;Canyon;
GMC;Envoy;
GMC;Jimmy;
GMC;Safari;
GMC;Savana Cargo Van;
GMC;Savana Passenger;
GMC;Savana Special;
GMC;Sierra 1500;
GMC;Sierra 2500HD;
GMC;Sierra 3500HD;
GMC;Suburban;
GMC;Syclone;
GMC;Terrain;
GMC;Typhoon;
GMC;Yukon;
GMC;Yukon XL;
Great Wall;Florid;
Great Wall;Hover;
Great Wall;Peri;
Great Wall;Wingle;
Gumpert;Apollo;
Hafei;Lobo;
Hafei;Ruiyi;
Hafei;Zhongyi;
Holden;Commodore;
Holden;Cruze;
Holden;Monaro;
Honda;Accord;
Honda;Accord Coupe;
Honda;Accord Crosstour;
Honda;Accord Sedan;
Honda;Acty;
Honda;Airwave;
Honda;Aria;
Honda;Avalancier;
Honda;City;
Honda;Civic;
Honda;Civic Coupe;
Honda;Civic Hybrid;
Honda;Civic Sedan;
Honda;Crossroad;
Honda;CR-V;
Honda;CR-X;
Honda;CR-Z;
Honda;Domani;
Honda;Element;
Honda;Elysion;
Honda;Fit;
Honda;Freed;
Honda;HR-V;
Honda;Insight;
Honda;Inspire;
Honda;Jazz;
Honda;Legend;
Honda;Life;
Honda;Mobilio;
Honda;NSX;
Honda;Odyssey;
Honda;Partner;
Honda;Passport;
Honda;Pilot;
Honda;Prelude;
Honda;Ridgeline;
Honda;S2000;
Honda;S-MX;
Honda;Stepwgn;
Honda;Stream;
Honda;Today;
Honda;Torneo;
Honda;Vamos;
Honda;Zest;
Hummer;H1;
Hummer;H2;
Hummer;H3;
Hyundai;Accent;
Hyundai;Amica;
Hyundai;Atos;
Hyundai;Avante;
Hyundai;Azera;
Hyundai;Brisa;
Hyundai;Centennial;
Hyundai;Click;
Hyundai;Dynasty;
Hyundai;Elantra;
Hyundai;Elantra Lavita;
Hyundai;Elantra Touring;
Hyundai;Entourage;
Hyundai;Equus;
Hyundai;Excel;
Hyundai;Galloper;
Hyundai;Genesis;
Hyundai;Genesis Coupe;
Hyundai;Genesis Sedan;
Hyundai;Getz;
Hyundai;Grand Starex;
Hyundai;Grandeur;
Hyundai;Grandeur TG;
Hyundai;Grandeur XG;
Hyundai;i10;
Hyundai;i20;
Hyundai;i30;
Hyundai;i40;
Hyundai;ix20;
Hyundai;ix55;
Hyundai;Libero;
Hyundai;Matrix;
Hyundai;Pony;
Hyundai;Porter;
Hyundai;Santa Fe;
Hyundai;Santamo;
Hyundai;Santro Xing;
Hyundai;Sonata;
Hyundai;TB;
Hyundai;Terracan;
Hyundai;Trajet;
Hyundai;Triburon;
Hyundai;Tucson;
Hyundai;Tuscani;
Hyundai;Veracruz;
Hyundai;XG 350;
Chery;A1;
Chery;A15;
Chery;A3;
Chery;A5;
Chery;A6;
Chery;Eastar;
Chery;Chery Rich G5;
Chery;QQ 3;
Chery;QQ 6;
Chery;Tiggo;
Chery;V5;
Chevrolet;Astro;
Chevrolet;Avalanche;
Chevrolet;Aveo;
Chevrolet;Beauville;
Chevrolet;Beretta;
Chevrolet;Blazer;
Chevrolet;Camaro;
Chevrolet;Camino;
Chevrolet;Caprice;
Chevrolet;Cavalier;
Chevrolet;Celebrity;
Chevrolet;Citation;
Chevrolet;Cobalt;
Chevrolet;Colorado;
Chevrolet;Corsica;
Chevrolet;Corvette;
Chevrolet;Cruze;
Chevrolet;Equinox;
Chevrolet;Express Cargo Van;
Chevrolet;Express Commercial Cutaway;
Chevrolet;Express Passenger;
Chevrolet;Geo;
Chevrolet;HHR;
Chevrolet;Chevette;
Chevrolet;Impala;
Chevrolet;Lumina;
Chevrolet;Lumina APV;
Chevrolet;Malibu;
Chevrolet;Metro;
Chevrolet;Monte Carlo;
Chevrolet;Nova;
Chevrolet;Prizm;
Chevrolet;S-10;
Chevrolet;Silverado 1500;
Chevrolet;Silverado 2500HD;
Chevrolet;Silverado 3500HD;
Chevrolet;Spectrum;
Chevrolet;Sprint;
Chevrolet;Suburban;
Chevrolet;Tahoe;
Chevrolet;Tracker;
Chevrolet;TrailBlazer;
Chevrolet;Traverse;
Chevrolet;Uplander;
Chevrolet;Uplander Cargo Van;
Chevrolet;Venture;
Chevrolet;Volt;
Chinkara;Roadster;
Chrysler;200-Series;
Chrysler;300-Series;
Chrysler;Aspen;
Chrysler;Concorde;
Chrysler;Crossfire;
Chrysler;LHS;
Chrysler;Pacifica;
Chrysler;PT Cruiser;
Chrysler;Sebring;
Chrysler;Town & Country;
Chrysler;Voyager;
Infiniti;EX 35;
Infiniti;EX 37;
Infiniti;FX 35;
Infiniti;FX 45;
Infiniti;FX 50;
Infiniti;G 20;
Infiniti;G 25;
Infiniti;G 35;
Infiniti;G 37;
Infiniti;G 37C;
Infiniti;G Coupe;
Infiniti;G Sedan;
Infiniti;I 30;
Infiniti;I 35;
Infiniti;J 30;
Infiniti;M 30 Coupe;
Infiniti;M 35;
Infiniti;M 37;
Infiniti;M 45;
Infiniti;M 56;
Infiniti;QX 4;
Infiniti;QX 45;
Infiniti;QX 56;
Invicta;S1;
Iran Khodro;Samand;
Iran Khodro;Samand ELX;
Iran Khodro;Samand LX;
Iran Khodro;Samand Sarir;
Iran Khodro;Samand SE;
Iran Khodro;Samand Soren;
Isuzu;Amigo;
Isuzu;Ascender;
Isuzu;Axiom;
Isuzu;Hombre;
Isuzu;Oasis;
Isuzu;Rodeo;
Isuzu;Trooper;
Isuzu;VehiCROSS;
Jaguar;240;
Jaguar;340;
Jaguar;S-Type;
Jaguar;XF;
Jaguar;XJ;
Jaguar;XK;
Jaguar;X-Type;
Jeep;Commander;
Jeep;Commanche;
Jeep;Compass;
Jeep;Grand Cherokee;
Jeep;Grand Cherokee WJ;
Jeep;Grand Cherokee WK;
Jeep;Grand Cherokee WK2;
Jeep;Grand Cherokee ZJ;
Jeep;Honcho;
Jeep;Liberty;
Jeep;Patriot;
Jeep;Wagoneer;
Jeep;Wrangler;
Jeep;Wrangler JK;
Jeep;Wrangler TJ;
Jeep;Wrangler Unlimited;
Jeep;Wrangler YJ;
Kia;Amanti;
Kia;Avella;
Kia;Bongo;
Kia;Borrego;
Kia;Cadenza;
Kia;Carnival;
Kia;Cee'd;
Kia;Cerato;
Kia;Concord;
Kia;Forte;
Kia;Forte Koup;
Kia;Grandbird;
Kia;K7;
Kia;Magentis;
Kia;Morning;
Kia;Optima;
Kia;Picanto;
Kia;Pride;
Kia;Rio;
Kia;Rondo;
Kia;Sedona;
Kia;Sephia;
Kia;Shuma;
Kia;Sorento;
Kia;Soul;
Kia;Spectra;
Kia;Spectra5;
Kia;Sportage;
Kia;Venga;
Kia;Visto;
Koenigsegg;Agera;
Koenigsegg;CC;
Koenigsegg;CC8S;
Koenigsegg;CCGT;
Koenigsegg;CCR;
Koenigsegg;CCX;
Koenigsegg;CCXR;
Lada;2105;
Lada;Kalina;
Lada;Laika;
Lada;Niva;
Lada;Priora;
Lada;Riva;
Lada;Samara;
Lada;Signet;
Lamborghini;Countach;
Lamborghini;Diablo;
Lamborghini;Gallardo;
Lamborghini;Murciélago;
Lancia;A112;
Lancia;Beta Trevi;
Lancia;Dedra;
Lancia;Delta;
Lancia;Gamma;
Lancia;Grand Voyager;
Lancia;Kappa;
Lancia;LC 2;
Lancia;Lybra;
Lancia;Musa;
Lancia;Phedra;
Lancia;Prisma;
Lancia;Thema;
Lancia;Thesis;
Lancia;Y10;
Lancia;Ypsilon;
Land Rover;Defender;
Land Rover;LR 2;
Land Rover;LR 3;
Land Rover;LR 4;
Land Rover;Range Rover;
Land Rover;Range Rover Sport;
Land Rover;Series;
Leopard;Roadster;
Lexus;CT 200h;
Lexus;ES 250;
Lexus;ES 300;
Lexus;ES 330;
Lexus;ES 350;
Lexus;GS 300;
Lexus;GS 350;
Lexus;GS 400;
Lexus;GS 430;
Lexus;GS 450h;
Lexus;GS 460;
Lexus;GX 460;
Lexus;GX 470;
Lexus;HS 250h;
Lexus;IS;
Lexus;IS 200;
Lexus;IS 220d;
Lexus;IS 250;
Lexus;IS 250C;
Lexus;IS 300;
Lexus;IS 300C;
Lexus;IS 350;
Lexus;IS 350C;
Lexus;IS C;
Lexus;IS F;
Lexus;LFA;
Lexus;LS 400;
Lexus;LS 430;
Lexus;LS 460;
Lexus;LS 460 L;
Lexus;LS 600h;
Lexus;LS 600h L;
Lexus;LX 450;
Lexus;LX 470;
Lexus;LX 570;
Lexus;RX 300;
Lexus;RX 330;
Lexus;RX 350;
Lexus;RX 400h;
Lexus;RX 450h;
Lexus;SC 300;
Lexus;SC 400;
Lexus;SC 430;
Lexus;SportCross;
Lincoln;Aviator;
Lincoln;Continental;
Lincoln;LS;
Lincoln;Mark;
Lincoln;MKS;
Lincoln;MKT;
Lincoln;MKX;
Lincoln;MKZ;
Lincoln;Navigator;
Lincoln;Navigator L;
Lincoln;Town Car;
Lincoln;Versailles;
Lobini;H1;
Lotus;Elise Series 2;
Lotus;Evora;
Lotus;Exige S;
Mahindra;Tractors;
Maserati;GranTurismo;
Maserati;Quattroporte IV;
Maserati;Quattroporte V;
Maserati;Spyder;
Mastretta;MTX;
Mazda;2;
Mazda;3;
Mazda;5;
Mazda;6;
Mazda;8;
Mazda;121;
Mazda;323;
Mazda;626;
Mazda;8-Series Pickup;
Mazda;AZ-Offroad;
Mazda;AZ-Wagon;
Mazda;Biante;
Mazda;Bongo;
Mazda;B-Series;
Mazda;BT-50;
Mazda;Carol;
Mazda;CX-7;
Mazda;CX-9;
Mazda;Familia Van;
Mazda;MPV;
Mazda;MX-3;
Mazda;MX-5;
Mazda;MX-6;
Mazda;Premacy;
Mazda;Roadster;
Mazda;RX-7;
Mazda;RX-8;
Mazda;Scrum;
Mazda;Spiano;
Mazda;Tribute;
Mekong Auto;Stars-4WD;
Mercedes-Benz;A160;
Mercedes-Benz;A160 CDI;
Mercedes-Benz;A180;
Mercedes-Benz;A180 CDI;
Mercedes-Benz;A200;
Mercedes-Benz;A200 CDI;
Mercedes-Benz;A200 Turbo;
Mercedes-Benz;A-Class;
Mercedes-Benz;B150;
Mercedes-Benz;B170;
Mercedes-Benz;B170 NGT FuelEfficiency;
Mercedes-Benz;B180 CDI;
Mercedes-Benz;B200;
Mercedes-Benz;B200 CDI;
Mercedes-Benz;B200 Turbo;
Mercedes-Benz;B-Class;
Mercedes-Benz;C107;
Mercedes-Benz;C160;
Mercedes-Benz;C180;
Mercedes-Benz;C180 CDI;
Mercedes-Benz;C180 CGI BlueEfficiency;
Mercedes-Benz;C180 Kompressor;
Mercedes-Benz;C200;
Mercedes-Benz;C200 CDI;
Mercedes-Benz;C200 CDI BlueEfficiency;
Mercedes-Benz;C200 CGI;
Mercedes-Benz;C200 Kompressor;
Mercedes-Benz;C220 CDI;
Mercedes-Benz;C220 CDI BlueEfficiency Prime Edition;
Mercedes-Benz;C230;
Mercedes-Benz;C240;
Mercedes-Benz;C250;
Mercedes-Benz;C260;
Mercedes-Benz;C270 CDI;
Mercedes-Benz;C280;
Mercedes-Benz;C30 CDI AMG;
Mercedes-Benz;C300;
Mercedes-Benz;C32 AMG;
Mercedes-Benz;C320;
Mercedes-Benz;C320 CDI;
Mercedes-Benz;C350;
Mercedes-Benz;C350 CDI;
Mercedes-Benz;C350 CGI BlueEfficiency;
Mercedes-Benz;C55 AMG;
Mercedes-Benz;C63 AMG;
Mercedes-Benz;C-Class;
Mercedes-Benz;CL500;
Mercedes-Benz;CL500 4MATIC;
Mercedes-Benz;CL55 AMG;
Mercedes-Benz;CL55 AMG Turbo;
Mercedes-Benz;CL600;
Mercedes-Benz;CL600 Turbo;
Mercedes-Benz;CL63 AMG;
Mercedes-Benz;CL63 AMG Performance Package;
Mercedes-Benz;CL65 AMG Turbo;
Mercedes-Benz;CLC160 BlueEfficiency;
Mercedes-Benz;CLC180 Kompressor;
Mercedes-Benz;CLC200 CDI;
Mercedes-Benz;CLC200 Kompressor;
Mercedes-Benz;CLC220 CDI;
Mercedes-Benz;CLC230;
Mercedes-Benz;CLC250;
Mercedes-Benz;CLC350;
Mercedes-Benz;CLC-Class;
Mercedes-Benz;CL-Class;
Mercedes-Benz;CLK DTM AMG;
Mercedes-Benz;CLK200 Kompressor;
Mercedes-Benz;CLK220 CDI;
Mercedes-Benz;CLK240;
Mercedes-Benz;CLK270 CDI;
Mercedes-Benz;CLK280;
Mercedes-Benz;CLK320;
Mercedes-Benz;CLK320 CDI;
Mercedes-Benz;CLK350;
Mercedes-Benz;CLK500;
Mercedes-Benz;CLK55 AMG;
Mercedes-Benz;CLK63 AMG;
Mercedes-Benz;CLK63 BS;
Mercedes-Benz;CLK-Class;
Mercedes-Benz;CLS250 CDI BlueEfficiency;
Mercedes-Benz;CLS320 CDI;
Mercedes-Benz;CLS350;
Mercedes-Benz;CLS350 BlueEfficiency;
Mercedes-Benz;CLS350 CDI;
Mercedes-Benz;CLS350 CDI BlueEfficiency;
Mercedes-Benz;CLS350 CGI;
Mercedes-Benz;CLS500;
Mercedes-Benz;CLS500 BlueEfficiency;
Mercedes-Benz;CLS550;
Mercedes-Benz;CLS63 AMG;
Mercedes-Benz;CLS63 AMG Performance Package;
Mercedes-Benz;CLS-Class;
Mercedes-Benz;E200;
Mercedes-Benz;E200 CDI BlueEfficiency;
Mercedes-Benz;E200 CGI BlueEfficiency;
Mercedes-Benz;E200 NGT BlueEfficiency;
Mercedes-Benz;E220;
Mercedes-Benz;E220 CDI BlueEfficiency;
Mercedes-Benz;E250;
Mercedes-Benz;E250 CDI BlueEfficiency;
Mercedes-Benz;E250 CGI BlueEfficiency;
Mercedes-Benz;E300;
Mercedes-Benz;E300 CDI BlueEfficiency;
Mercedes-Benz;E320;
Mercedes-Benz;E320 CDI BlueTec;
Mercedes-Benz;E350 4MATIC;
Mercedes-Benz;E350 CDI 4MATIC BlueEfficiency;
Mercedes-Benz;E350 CDI BlueEfficiency;
Mercedes-Benz;E350 CDI BlueTec;
Mercedes-Benz;E400;
Mercedes-Benz;E420;
Mercedes-Benz;E500;
Mercedes-Benz;E500 4MATIC;
Mercedes-Benz;E63 AMG;
Mercedes-Benz;E-Class;
Mercedes-Benz;G230;
Mercedes-Benz;G270 CDI;
Mercedes-Benz;G280 CDI;
Mercedes-Benz;G300 CDI;
Mercedes-Benz;G320;
Mercedes-Benz;G320 CDI;
Mercedes-Benz;G400 CDI;
Mercedes-Benz;G55 Kompressor AMG;
Mercedes-Benz;G63 AMG;
Mercedes-Benz;G-Class;
Mercedes-Benz;GD240;
Mercedes-Benz;GD250;
Mercedes-Benz;GD290;
Mercedes-Benz;GD290 TD;
Mercedes-Benz;GD300;
Mercedes-Benz;GD350 Turbodiesel;
Mercedes-Benz;GE200;
Mercedes-Benz;GE230;
Mercedes-Benz;GE280;
Mercedes-Benz;GE300;
Mercedes-Benz;GE500;
Mercedes-Benz;GE500 6.0 AMG;
Mercedes-Benz;GL350 CDI;
Mercedes-Benz;GL420 CDI;
Mercedes-Benz;GL450;
Mercedes-Benz;GL500;
Mercedes-Benz;GL550;
Mercedes-Benz;GL-Class;
Mercedes-Benz;GLK220 CDI 4MATIC;
Mercedes-Benz;GLK220 CDI BlueEfficiency;
Mercedes-Benz;GLK250 CDI 4MATIC BlueEfficiency;
Mercedes-Benz;GLK280 4MATIC;
Mercedes-Benz;GLK300 4MATIC;
Mercedes-Benz;GLK320 CDI 4MATIC;
Mercedes-Benz;GLK350 4MATIC;
Mercedes-Benz;GLK350 CDI 4MATIC;
Mercedes-Benz;GLK-Class;
Mercedes-Benz;M-Class;
Mercedes-Benz;ML300 CDI;
Mercedes-Benz;ML350;
Mercedes-Benz;ML350 CDI;
Mercedes-Benz;ML450 CDI;
Mercedes-Benz;ML450 Hybrid;
Mercedes-Benz;ML500;
Mercedes-Benz;ML550;
Mercedes-Benz;ML63 AMG;
Mercedes-Benz;R107;
Mercedes-Benz;R121;
Mercedes-Benz;R280;
Mercedes-Benz;R300 CDI;
Mercedes-Benz;R350;
Mercedes-Benz;R350 BlueTEC;
Mercedes-Benz;R350 CDI;
Mercedes-Benz;R550;
Mercedes-Benz;R63 AMG;
Mercedes-Benz;R-Class;
Mercedes-Benz;S250 CDI BlueEfficiency;
Mercedes-Benz;S280;
Mercedes-Benz;S300;
Mercedes-Benz;S320;
Mercedes-Benz;S320 CDI;
Mercedes-Benz;S350;
Mercedes-Benz;S350 4MATIC BlueEfficiency;
Mercedes-Benz;S350 BlueEfficiency;
Mercedes-Benz;S350 CDI BlueTec;
Mercedes-Benz;S350 CDI BlueTec 4MATIC;
Mercedes-Benz;S400;
Mercedes-Benz;S400 Hybrid;
Mercedes-Benz;S420;
Mercedes-Benz;S420 CDI;
Mercedes-Benz;S430;
Mercedes-Benz;S450;
Mercedes-Benz;S500;
Mercedes-Benz;S500 4MATIC BlueEfficiency;
Mercedes-Benz;S500 BlueEfficiency;
Mercedes-Benz;S55 AMG;
Mercedes-Benz;S550;
Mercedes-Benz;S600;
Mercedes-Benz;S63 AMG;
Mercedes-Benz;S65 AMG;
Mercedes-Benz;S-Class;
Mercedes-Benz;SL350;
Mercedes-Benz;SL500;
Mercedes-Benz;SL55 AMG;
Mercedes-Benz;SL600;
Mercedes-Benz;SL63 AMG;
Mercedes-Benz;SL65 AMG;
Mercedes-Benz;SL-Class;
Mercedes-Benz;SLK200;
Mercedes-Benz;SLK200 Kompressor;
Mercedes-Benz;SLK250;
Mercedes-Benz;SLK300;
Mercedes-Benz;SLK350;
Mercedes-Benz;SLK55 AMG;
Mercedes-Benz;SLK-Class;
Mercedes-Benz;SLR;
Mercedes-Benz;SLS;
Mercedes-Benz;Sprinter;
Mercedes-Benz;Vaneo;
Mercedes-Benz;Vario;
Mercedes-Benz;Viano;
Mercedes-Benz;Vito;
Mercedes-Benz;W100;
Mercedes-Benz;W108;
Mercedes-Benz;W109;
Mercedes-Benz;W110;
Mercedes-Benz;W111;
Mercedes-Benz;W112;
Mercedes-Benz;W113;
Mercedes-Benz;W114;
Mercedes-Benz;W115;
Mercedes-Benz;W116;
Mercedes-Benz;W120;
Mercedes-Benz;W121;
Mercedes-Benz;W123;
Mercedes-Benz;W128;
Mercedes-Benz;W180;
Mercedes-Benz;W186;
Mercedes-Benz;W187;
Mercedes-Benz;W188;
Mercedes-Benz;W198;
Mercury;Bobcat;
Mercury;Brougham;
Mercury;Capri;
Mercury;Colony Park;
Mercury;Comet;
Mercury;Commuter;
Mercury;Cougar;
Mercury;Cyclone;
Mercury;Grand Marquis;
Mercury;Grand Monarch Ghia;
Mercury;LN 7;
Mercury;LynxMercury;M-Series
Mercury;Marauder;
Mercury;Mariner;
Mercury;Mariner Hybrid;
Mercury;Meteor;
Mercury;Milan;
Mercury;Milan Hybrid;
Mercury;Montclair;
Mercury;Montego;
Mercury;Monterey;
Mercury;Mountaineer;
Mercury;Mystique;
Mercury;Park Lane;
Mercury;S-55;
Mercury;Sable;
Mercury;Topaz;
Mercury;Tracer;
Mercury;Villager;
Mercury;Villager Minivan;
MG;3;
MG;6;
MG;7;
MG;Express;
MG;Power SV;
MG;TF;
MG;ZR;
Micro;C200;
Micro;MPV;
Micro;Privilege;
Micro;Trend;
Mini;Cooper;
Mitsubishi;3000GT;
Mitsubishi;Cordia;
Mitsubishi;Diamante;
Mitsubishi;Eclipse;
Mitsubishi;Endeavor;
Mitsubishi;Expo;
Mitsubishi;Expo LRV;
Mitsubishi;Galant;
Mitsubishi;Lancer;
Mitsubishi;Lancer Evolution;
Mitsubishi;Mighty Max;
Mitsubishi;Mirage;
Mitsubishi;Montero;
Mitsubishi;Montero Sport;
Mitsubishi;Outlander;
Mitsubishi;Outlander Sport;
Mitsubishi;Precis;
Mitsubishi;Raider;
Mitsubishi;Space Wagon;
Mitsubishi;Starion;
Mitsubishi;Tredia;
Mitsubishi;Vanwagon;
Mitsuoka;Cute;
Mitsuoka;Galue;
Mitsuoka;Himiko;
Mitsuoka;Nouera;
Mitsuoka;Orochi;
Mitsuoka;Ryoga;
Mitsuoka;Viewt;
Morgan;Aero 8;
Morgan;AeroMax;
Morgan;LIFEcar;
Morgan;Plus 4;
Morgan;V6 Roadster;
Mosler;Consulier GTP;
Mosler;MT 900;
Mosler;TwinStar;
Nissan;200 SX;
Nissan;300 SX;
Nissan;300 ZX;
Nissan;350 Z;
Nissan;370 Z;
Nissan;Almera;
Nissan;Altima;
Nissan;Armada;
Nissan;Axxess;
Nissan;Bluebird;
Nissan;Cube;
Nissan;Datsun Truck;
Nissan;Frontier;
Nissan;GT-R;
Nissan;Hardbody Truck;
Nissan;Juke;
Nissan;Laurel;
Nissan;Leaf;
Nissan;Maxima;
Nissan;Micra;
Nissan;Murano;
Nissan;Note;
Nissan;NX;
Nissan;Pathfinder;
Nissan;Patrol;
Nissan;Prairie;
Nissan;Primera;
Nissan;Pulsar NX;
Nissan;Qashqai;
Nissan;Qashqai+2;
Nissan;Quest;
Nissan;Rogue;
Nissan;Sentra;
Nissan;Serena;
Nissan;Stanza;
Nissan;Stanza Wagon;
Nissan;Sunny;
Nissan;Teana;
Nissan;Terrano;
Nissan;Terrano II;
Nissan;Tida;
Nissan;Titan;
Nissan;Vanette;
Nissan;Versa;
Nissan;Xterra;
Nissan;X-Trail;
Noble;M10;
Noble;M20;
Oldsmobile;Achieva;
Oldsmobile;Alero;
Oldsmobile;Aurora;
Oldsmobile;Bravada;
Oldsmobile;Cutlass;
Oldsmobile;Cutlass Calais;
Oldsmobile;Cutlass Ciera;
Oldsmobile;Eighty-Eight;
Oldsmobile;Firenza;
Oldsmobile;Intrigue;
Oldsmobile;LSS;
Oldsmobile;Regency;
Oldsmobile;Silhouette;
Opel;Agila;
Opel;Antara;
Opel;Arena;
Opel;Ascona;
Opel;Astra;
Opel;Calibra;
Opel;Combo;
Opel;Commodore;
Opel;Corsa;
Opel;Frontera;
Opel;GT;
Opel;Insignia;
Opel;Kadett;
Opel;Kapitän;
Opel;Manta;
Opel;Meriva;
Opel;Monterey;
Opel;Monza;
Opel;Movano;
Opel;Olympia;
Opel;Olympia Rekord;
Opel;Omega;
Opel;Senator;
Opel;Signum;
Opel;Sintra;
Opel;Speedster;
Opel;Tigra;
Opel;Tigra TwinTop;
Opel;Vectra;
Opel;Vivaro;
Opel;Zafira;
Pagani;Zonda;
Pagani;Zonda F;
Pagani;Zonda R Clubsport;
Panoz;Esperante;
Panoz;LMP;
Panoz;Roadster;
Perodua;Alza;
Perodua;Kancil;
Perodua;Kelisa;
Perodua;Kembara;
Perodua;Kenari;
Perodua;MyVi;
Perodua;Rusa;
Perodua;Viva;
Peugeot;106;
Peugeot;107;
Peugeot;205;
Peugeot;206;
Peugeot;207;
Peugeot;305;
Peugeot;306;
Peugeot;308;
Peugeot;405;
Peugeot;406;
Peugeot;407;
Peugeot;408;
Peugeot;505;
Peugeot;508;
Peugeot;604;
Peugeot;605;
Peugeot;607;
Peugeot;807;
Peugeot;1007;
Peugeot;3008;
Peugeot;4007;
Peugeot;5008;
Peugeot;Bipper Tepee;
Peugeot;Expert;
Peugeot;Expert Tepee;
Peugeot;Partner Combi;
Peugeot;Partner Tepee;
Pontiac;Bonneville;
Pontiac;Fiero;
Pontiac;Firebird;
Pontiac;G3 Wave;
Pontiac;G5;
Pontiac;G6;
Pontiac;G8;
Pontiac;Grand Am;
Pontiac;Grand Prix;
Pontiac;GTO;
Pontiac;LeMans;
Pontiac;Montana SV6;
Pontiac;Safari;
Pontiac;Solstice;
Pontiac;Sunbird;
Pontiac;Sunfire;
Pontiac;Torrent;
Pontiac;Trans Sport;
Pontiac;Vibe;
Porsche;356;
Porsche;911;
Porsche;914;
Porsche;924;
Porsche;928;
Porsche;930;
Porsche;944;
Porsche;959;
Porsche;968;
Porsche;Boxster;
Porsche;Carrera GT;
Porsche;Cayenne;
Porsche;Cayman;
Porsche;Panamera;
Proto;Spirra;
Proton;Arena;
Proton;Exora;
Proton;Gen-2;
Proton;Juara;
Proton;Perdana;
Proton;Persona;
Proton;PERT;
Proton;Putra;
Proton;Saga;
Proton;Satria;
Proton;Satria Neo;
Proton;Savvy;
Proton;Tiara;
Proton;Waja;
Proton;Wira;
Pyonghwa;Junma;
Pyonghwa;Zunma;
Ram;1500;
Renault;3;
Renault;4;
Renault;5;
Renault;6;
Renault;7;
Renault;8;
Renault;9;
Renault;10;
Renault;11;
Renault;12;
Renault;14;
Renault;15;
Renault;16;
Renault;17;
Renault;18;
Renault;19;
Renault;20;
Renault;21;
Renault;25;
Renault;30;
Renault;4CV;
Renault;Alliance;
Renault;Avantime;
Renault;Caravelle;
Renault;Clio;
Renault;Clio I;
Renault;Clio II;
Renault;Clio III;
Renault;Dauphine;
Renault;Espace;
Renault;Espace I;
Renault;Espace II;
Renault;Espace III;
Renault;Espace IV;
Renault;Fluence;
Renault;Fregate;
Renault;Fuego;
Renault;Juvaquatre;
Renault;Kangoo;
Renault;Kangoo I;
Renault;Kangoo II;
Renault;Koleos;
Renault;Laguna;
Renault;Laguna Coupé;
Renault;Laguna I;
Renault;Laguna II;
Renault;Laguna III;
Renault;Latitude;
Renault;Medallion;
Renault;Mégane;
Renault;Mégane I;
Renault;Mégane II;
Renault;Mégane III;
Renault;Modus;
Renault;Rodeo;
Renault;Safrane;
Renault;Scénic;
Renault;Scénic I;
Renault;Scénic II;
Renault;Scénic III;
Renault;Spider;
Renault;Super 5;
Renault;Torino;
Renault;Twingo;
Renault;Twingo I;
Renault;Twingo II;
Renault;Vel Satis;
Renault;Wind;
Reva;I;
Reva;L-ion;
Reva;NXG;
Reva;NXR;
Roewe;250;
Roewe;350;
Roewe;550;
Roewe;750;
Rolls-Royce;Camargue;
Rolls-Royce;Corniche I;
Rolls-Royce;Corniche II;
Rolls-Royce;Corniche III;
Rolls-Royce;Corniche IV;
Rolls-Royce;Corniche V;
Rolls-Royce;Ghost;
Rolls-Royce;Phantom;
Rolls-Royce;Phantom Coupé;
Rolls-Royce;Phantom Drophead Coupé;
Rolls-Royce;Silver Seraph;
Rolls-Royce;Silver Spirit;
Saab;90;
Saab;99;
Saab;900;
Saab;9000;
Saab;9.3;
Saab;9.5;
Saab;9-2X;
Saab;9-3 Convertable;
Saab;9-4X;
Saab;9-7X;
Saleen;S 281;
Saleen;S 7;
Saleen;S 7 R;
Saleen;S 7 TT;
Saleen;XP 6;
Saleen;XP 8;
Saturn;Astra;
Saturn;Aura;
Saturn;Ion;
Saturn;Ion Red Line;
Saturn;L-Series;
Saturn;Outlook;
Saturn;Relay;
Saturn;Sky;
Saturn;S-Series;
Saturn;VUE;
Scion;iQ;
Scion;tC;
Scion;xA;
Scion;xB;
Scion;xD;
Seat;127;
Seat;128;
Seat;Alhambra;
Seat;Alhambra I;
Seat;Alhambra II;
Seat;Altea;
Seat;Altea Freetrack;
Seat;Altea XL;
Seat;Arosa;
Seat;Córdoba;
Seat;Córdoba I;
Seat;Córdoba II;
Seat;Exeo;
Seat;Exeo ST;
Seat;Fura;
Seat;Ibiza;
Seat;Ibiza I;
Seat;Ibiza II;
Seat;Ibiza III;
Seat;Ibiza IV;
Seat;Inca;
Seat;León;
Seat;León I;
Seat;León II;
Seat;Málaga;
Seat;Marbella;
Seat;Panda;
Seat;Ritmo;
Seat;Ronda;
Seat;Terra;
Seat;Toledo;
Seat;Toledo I;
Seat;Toledo II;
Seat;Toledo III;
Seat;Trans;
Shelby;Cobra;
Shelby;GT 500;
Shelby;Prudhomme;
Shelby;Series 1;
Shelby;Terlingua;
Smart;Fortwo;
Spyker;C12;
Spyker;C8;
Spyker;D8;
SsangYong;Actyon;
SsangYong;Actyon Sports;
SsangYong;Chairman;
SsangYong;Chairman W;
SsangYong;Kallista;
SsangYong;Korando;
SsangYong;Kyron;
SsangYong;Musso;
SsangYong;Musso Sports;
SsangYong;Rexton;
SsangYong;Rexton II;
SsangYong;Rodius;
SSC;Ultimate Aero;
Subaru;Baja;
Subaru;Dex;
Subaru;Dias Wagon;
Subaru;Exiga;
Subaru;Forester;
Subaru;Impreza;
Subaru;Justy;
Subaru;Legacy;
Subaru;Leone delivery van;
Subaru;Lucra;
Subaru;Outback;
Subaru;Pleo;
Subaru;R1;
Subaru;R2;
Subaru;Rex;
Subaru;Sambar;
Subaru;Stella;
Subaru;SVX CX;
Subaru;Traviq;
Subaru;Tribeca;
Subaru;Vivio;
Sungri;Achimkoy;
Sungri;Construction;
Sungri;Jaju;
Sungri;Kaengsaeng;
Sungri;Shintaibaik;
Suzuki;Aerio;
Suzuki;Equator;
Suzuki;Esteem;
Suzuki;Forenza;
Suzuki;Grand Vitara;
Suzuki;Jimny;
Suzuki;Kizashi;
Suzuki;Reno;
Suzuki;Sidekick;
Suzuki;Swift;
Suzuki;SX 4 Hatchback;
Suzuki;SX 4 Sedan;
Suzuki;Verona;
Suzuki;Vitara;
Suzuki;X 90;
Suzuki;XL 7;
Škoda;100;
Škoda;105;
Škoda;130;
Škoda;1000 MB;
Škoda;110 R;
Škoda;1100 MB;
Škoda;Fabia;
Škoda;Fabia II;
Škoda;Favorit;
Škoda;Felicia;
Škoda;Octavia;
Škoda;Octavia I;
Škoda;Octavia II;
Škoda;Praktik;
Škoda;Roomster;
Škoda;Superb;
Škoda;Superb I;
Škoda;Superb II;
Škoda;TAZ;
Škoda;Yeti;
Tata;Ace;
Tata;Aria;
Tata;Indica;
Tata;Indigo;
Tata;Magic;
Tata;Nano;
Tata;OneCAT;
Tata;Safari;
Tata;Sierra;
Tata;Sumo;
Tata;TL;
Tata;Winger;
TCM;Alif;
TCM;Bay;
TD2000;Roadster;
Tesla;Model S;
Tesla;Roadster;
Th!nk;City;
Timmis;Ford V-8;
Toyota;4Runner;
Toyota;Allion;
Toyota;Altezza;
Toyota;Aristo;
Toyota;Avalon;
Toyota;Avensis;
Toyota;bB;
Toyota;Belta;
Toyota;Brevis;
Toyota;Camry;
Toyota;Camry Hybrid;
Toyota;Camry Solara;
Toyota;Carina;
Toyota;Celica;
Toyota;Celsior;
Toyota;Century;
Toyota;Corolla;
Toyota;Corolla GT-S;
Toyota;Corona;
Toyota;Corona Premio;
Toyota;Cressida;
Toyota;Crown;
Toyota;Echo;
Toyota;FJ Cruiser;
Toyota;Funcargo;
Toyota;Highlander;
Toyota;Highlander Hybrid;
Toyota;ist;
Toyota;Land Cruiser;
Toyota;Mark X;
Toyota;Matrix;
Toyota;MR 2;
Toyota;Origin;
Toyota;Paseo;
Toyota;Platz;
Toyota;Premio;
Toyota;Prius;
Toyota;Progress;
Toyota;Ractis;
Toyota;RAV4;
Toyota;Sequoia;
Toyota;Sienna;
Toyota;Soarer;
Toyota;Sprinter;
Toyota;Starlet;
Toyota;Supra;
Toyota;Tacoma;
Toyota;Tercel;
Toyota;Tundra;
Toyota;Venza;
Toyota;Vista;
Toyota;Vitz;
Toyota;Windom;
Toyota;Yaris;
Trabant;Sedan;
Trabant;Station Wagon;
Troller;Pantanal;
Troller;T4;
Volkswagen;Bora;
Volkswagen;Caddy;
Volkswagen;City Golf;
Volkswagen;City Jetta;
Volkswagen;CrossFox;
Volkswagen;Eos;
Volkswagen;Fox;
Volkswagen;GLI;
Volkswagen;Gol;
Volkswagen;Gol I;
Volkswagen;Gol IF;
Volkswagen;Gol II;
Volkswagen;Gol III;
Volkswagen;Gol IV;
Volkswagen;Gol V;
Volkswagen;Golf;
Volkswagen;Golf Cabriolet;
Volkswagen;Golf City;
Volkswagen;Golf GTI;
Volkswagen;Golf I;
Volkswagen;Golf II;
Volkswagen;Golf III;
Volkswagen;Golf IV;
Volkswagen;Golf Plus;
Volkswagen;Golf V;
Volkswagen;Golf VI;
Volkswagen;Golf Wagon;
Volkswagen;GTI;
Volkswagen;Jetta;
Volkswagen;Jetta City;
Volkswagen;Jetta I;
Volkswagen;Jetta II;
Volkswagen;Jetta III;
Volkswagen;Jetta IV;
Volkswagen;Jetta V;
Volkswagen;Jetta VI;
Volkswagen;Jetta Wagon;
Volkswagen;Logus;
Volkswagen;Lupo;
Volkswagen;New Beetle;
Volkswagen;New Beetle Cabriolet;
Volkswagen;New Beetle Convertible;
Volkswagen;New Beetle Coupe;
Volkswagen;Passat;
Volkswagen;Passat CC;
Volkswagen;Passat I;
Volkswagen;Passat II;
Volkswagen;Passat III;
Volkswagen;Passat IV;
Volkswagen;Passat V;
Volkswagen;Passat VI;
Volkswagen;Passat VII;
Volkswagen;Passat Wagon;
Volkswagen;Phaeton;
Volkswagen;Pointer;
Volkswagen;Polo;
Volkswagen;Polo Classic;
Volkswagen;Polo I;
Volkswagen;Polo II;
Volkswagen;Polo IIF;
Volkswagen;Polo III;
Volkswagen;Polo IIIF;
Volkswagen;Polo IV;
Volkswagen;Polo IVF;
Volkswagen;Polo V;
Volkswagen;Rabbit;
Volkswagen;Routan;
Volkswagen;Santana;
Volkswagen;Saveiro;
Volkswagen;Saveiro I;
Volkswagen;Saveiro II;
Volkswagen;Saveiro III;
Volkswagen;Saveiro IV;
Volkswagen;Saveiro V;
Volkswagen;Scirocco;
Volkswagen;Scirocco I;
Volkswagen;Scirocco II;
Volkswagen;Scirocco III;
Volkswagen;Sharan;
Volkswagen;Sharan I;
Volkswagen;Sharan II;
Volkswagen;SpaceFox;
Volkswagen;Tiguan;
Volkswagen;Touareg;
Volkswagen;Touareg 2;
Volkswagen;Touran;
Volkswagen;Transporter;
Volkswagen;Type 1;
Volkswagen;Type 181;
Volkswagen;Type 2;
Volkswagen;Vento;
Volvo;66;
Volvo;340;
Volvo;360;
Volvo;444;
Volvo;544;
Volvo;850;
Volvo;C 30;
Volvo;C 70;
Volvo;S 40;
Volvo;S 60;
Volvo;S 70;
Volvo;S 80;
Volvo;S 90;
Volvo;V 40;
Volvo;V 50;
Volvo;V 60;
Volvo;V 70;
Volvo;V 90;
Volvo;XC 60;
Volvo;XC 70;
Volvo;XC 90;
Westfield;Megabusa;
Westfield;Seight;
Westfield;XTR2;
Yes!;Roadster;
Yulon;Luxgen7 MPV;
Yulon;Tobe;
Zimmer;Golden Spirit;
